url,name,address,city,state,phone
http://www.ljtcpa.com/,Results,"îƒˆ268 Milford Harrington Hwy, Milford, DE 19963",Milford,DE,î‚°(302) 422-3308
http://www.starkeyandcompany.com/,Results,"îƒˆ1043 N Walnut St, Milford, DE 19963",Milford,DE,î‚°(302) 422-0108
http://luffcpas.com/,Results,"îƒˆ223 S Rehoboth Blvd Ste A, Milford, DE 19963",Milford,DE,î‚°(302) 422-9699
https://www.taxchicks.com/,Results,"îƒˆ19 N Walnut St, Milford, DE 19963",Milford,DE,î‚°(302) 422-5005
http://www.hodgescpas.com/,Results,"îƒˆ282 N Rehoboth Blvd, Milford, DE 19963",Milford,DE,î‚°(302) 426-4750
http://www.mjarrellpa.com/Contact-Us.html,Results,"îƒˆ628 Milford Harrington Hwy #5, Milford, DE 19963",Milford,DE,
http://www.davis-smithaccounting.com/,Results,"îƒˆ5582 Milford Harrington Hwy, Harrington, DE 19952",Harrington,DE,î‚°(302) 398-4020
http://www.srenardcpa.com/,Results,"îƒˆ124 Tobin Dr, Milton, DE 19968",Milton,DE,î‚°(302) 381-8928
https://www.taxaegis.com/contact.html,Results,"îƒˆ7 Causey Ave, Milford, DE 19963",Milford,DE,î‚°(786) 347-8675
https://office.jacksonhewitt.com/tax-preparation-services-locations/en/de/milford/623-n-dupont-highway/10601?utm_source=google&utm_medium=local&utm_campaign=local&utm_content=10601,Results,"îƒˆ623 N Dupont Blvd Suite 110, Milford, DE 19963",Milford,DE,î‚°(302) 424-4266
https://www.tkreiserassoc.com/,Results,"îƒˆ2 E High St, Felton, DE 19943",Felton,DE,î‚°(302) 284-2100
http://delawarecpa.net/,Results,"îƒˆ216A W Market St, Georgetown, DE 19947",Georgetown,DE,î‚°(302) 854-0133
https://delawarecpa.net/,Results,"îƒˆ216 E Market St suite 101, Georgetown, DE 19947",Georgetown,DE,
http://www.waynetaxpro.com/,Results,,Milford,DE,î‚°(973) 262-8409
http://www.marshallwagner.com/,Results,"îƒˆ100 Lakeview Ave, Milford, DE 19963",Milford,DE,
http://www.1040pro.com/,Results,"îƒˆ11 Causey Ave, Milford, DE 19963",Milford,DE,î‚°(302) 422-2301
https://www.hrblock.com/tax-office-near-me/delaware/milford/8260/?otppartnerid=9308&campaignid=pw_mcm_9308_9762&utm_medium=local,Results,"îƒˆ915 N Dupont Blvd #101, Milford, DE 19963",Milford,DE,î‚°(302) 422-6100
http://www.rsgcollect.com/,Results,"îƒˆ117 E Liberty Way, Milford, DE 19963",Milford,DE,î‚°(302) 241-0686
http://trippwealth.com/,Results,"îƒˆMilford Wellness Village, 21 W Clarke Ave Ste 1060, Milford, DE 19963",Milford,DE,î‚°(410) 274-1796
https://www.stevenfalconecpa.com/,Results,"îƒˆ17663 Church St, Lewes, DE 19958",Lewes,DE,î‚°(302) 644-8634
https://www.growingupyourbusiness.com/,Results,"îƒˆ11 Green St, Greenwood, DE 19950",Greenwood,DE,î‚°(302) 604-1123
http://www.appraisinginde.com/,Results,,Milford,DE,î‚°(302) 745-1790
http://howardwimbrowcpa.com/,Results,"îƒˆ17527 Nassau Commons Blvd #214, Lewes, DE 19958",Lewes,DE,î‚°(302) 539-0829
http://www.rcgweb.com/,Results,"îƒˆ213 W Liberty Way, Milford, DE 19963",Milford,DE,î‚°(888) 698-0875
http://www.savvyacctgcorp.net/,Results,"îƒˆ26238 Richfield Dr, Lewes, DE 19958",Lewes,DE,î‚°(646) 284-7240
https://mellostaxprep.mytaxportal.online/#/login,Results,,Milford,DE,î‚°(302) 569-7749
http://www.pkscpa.com/,Results,"îƒˆ1143 Savannah Rd #1, Lewes, DE 19958",Lewes,DE,î‚°(302) 645-5757
https://www.tidewaterbusinesssvc.com/,Results,,Milford,DE,î‚°(302) 237-7455
http://www.juds.com/,Results,"îƒˆ651 N Bedford St, Georgetown, DE 19947",Georgetown,DE,î‚°(302) 856-3900
http://regiustax.com/,Results,"îƒˆ16192 Coastal Hwy, Lewes, DE 19958",Lewes,DE,î‚°(302) 482-8292
https://www.hrblock.com/tax-office-near-me/delaware/harrington/8311/?otppartnerid=9308&campaignid=pw_mcm_9308_9762&utm_medium=local,Results,"îƒˆ16819 S Dupont Hwy Ste 200, Harrington, DE 19952",Harrington,DE,î‚°(302) 398-7550
https://www.myercpa.com/?utm_source=google&utm_medium=google_business_profile&utm_campaign=website_click,Results,"îƒˆ102 Wheatfield Dr STE A, Milford, PA 18337",Milford,PA,î‚°(570) 296-2889
https://www.paperandprofit.com/,Results,,Milford,DE,î‚°(302) 503-0156
http://www.pha.cpa/,Results,"îƒˆ28466 Dupont Blvd, Millsboro, DE 19966",Millsboro,DE,î‚°(302) 934-6688
https://www.hrblock.com/tax-office-near-me/delaware/milton/8321/?otppartnerid=9308&campaignid=pw_mcm_9308_9762&utm_medium=local,Results,"îƒˆ611 Union St, Milton, DE 19968",Milton,DE,î‚°(302) 684-2955
https://ocpafirm.com/,Results,,Milford,DE,î‚°(443) 504-4586
https://www.wwd-cpa.com/,Results,"îƒˆ17577 Nassau Commons Blvd, Lewes, DE 19958",Lewes,DE,î‚°(302) 360-2040
https://www.firststateaccounting.com/,Results,,Milford,DE,î‚°(302) 998-3995
https://dhss.delaware.gov/dhss/otsa/arms/,Results,"îƒˆ117 Causey Ave, Milford, DE 19963",Milford,DE,î‚°(302) 424-7100
http://www.mittenwinters.com/,Results,"îƒˆ117 W Loockerman St #119, Dover, DE 19904",Dover,DE,î‚°(302) 736-6100
http://www.firststatecpas.com/,Results,"îƒˆ18 S State St, Dover, DE 19901",Dover,DE,î‚°(302) 736-6657
https://dfcpasllc.com/,Results,"îƒˆ18306 Coastal Hwy, Lewes, DE 19958",Lewes,DE,î‚°(302) 644-4441
http://www.fawcasson.com/,Results,"îƒˆ20376 Coastal Hwy Suite 101, Rehoboth Beach, DE 19971",Rehoboth Beach,DE,î‚°(302) 226-1919
http://premocpa.com/,Results,"îƒˆ310 High St, Seaford, DE 19973",Seaford,DE,î‚°(302) 875-4205
http://www.sdwaccounting.com/,Results,"îƒˆ117 S Bedford St, Georgetown, DE 19947",Georgetown,DE,î‚°(302) 856-4141
http://maureenhbrowncpallc.com/,Results,"îƒˆ22434 Grebe Ln, Ocean View, DE 19970",Ocean View,DE,î‚°(301) 943-1911
http://www.killiancpa.com/,Results,"îƒˆ118 Church St, Selbyville, DE 19975",Selbyville,DE,î‚°(302) 524-8091
https://www.fawcasson.com/,Results,"îƒˆ160 Greentree Dr #203, Dover, DE 19904",Dover,DE,î‚°(302) 674-4305
https://terrellcpa.com/,Results,"îƒˆ1109 Middleford Rd # B, Seaford, DE 19973",Seaford,DE,î‚°(302) 628-1515
http://wattayaccounting.com/,Results,"îƒˆ3488 S Dupont Blvd, Smyrna, DE 19977",Smyrna,DE,î‚°(302) 724-9237
https://rkdtax.com/,Results,"îƒˆ768 Townsend Blvd Suite 2, Dover, DE 19901",Dover,DE,î‚°(302) 747-7596
https://www.cpaoffice.com/?utm_source=google&utm_medium=wix_google_business_profile&utm_campaign=7390149792420297398,Results,"îƒˆ24249 Canoe Dr, Millsboro, DE 19966",Millsboro,DE,î‚°(302) 681-4841
http://www.millsborochamber.com/,Results,"îƒˆ218 N Dupont Hwy, Dover, DE 19966",Dover,DE,î‚°(302) 934-6688
http://sjgarycpa.com/,Results,"îƒˆ809 Monroe Terrace, Dover, DE 19904",Dover,DE,î‚°(302) 730-3737
http://www.phillipchutetaxconsulting.com/,Results,"îƒˆ20 Red Maple Rd, Smyrna, DE 19977",Smyrna,DE,î‚°(302) 653-6076
http://dfcpasllc.com/,Results,"îƒˆ18306 Coastal Hwy, Lewes, DE 19958",Lewes,DE,î‚°(800) 748-0354
https://office.jacksonhewitt.com/tax-preparation-services-locations/en/de/milford/999-n-dupont-blvd/51741?utm_source=google&utm_medium=local&utm_campaign=local&utm_content=51741,Results,"îƒˆ999 N Dupont Blvd, Milford, DE 19963",Milford,DE,î‚°(302) 389-5314
http://www.millercpa.net/,Results,"îƒˆ5500 Skyline Dr #5, Wilmington, DE 19808",Wilmington,DE,î‚°(302) 234-0678
